City_ID,City,Lat,Lng,Max Temp,Humidity,Cloudiness,Wind Speed,Country,Date
0,abengourou,6.7297,-3.4964,27.100000000000023,72,100,2.35,CI,1712693879
1,whitehorse,60.7161,-135.0538,4.060000000000002,44,67,5.36,CA,1712693492
2,adamstown,-25.066,-130.1015,23.600000000000023,79,37,2.83,PN,1712693694
3,tolanaro,-25.0319,46.9987,23.879999999999995,96,61,3.93,MG,1712693858
4,codrington,-38.2667,141.9667,13.270000000000039,82,100,3.22,AU,1712693854
5,suruc,36.9761,38.425,11.700000000000045,92,46,4.09,TR,1712693879
6,yellowknife,62.456,-114.3525,1.160000000000025,95,100,2.13,CA,1712693723
7,smithers,54.7804,-127.1743,8.180000000000007,36,75,4.63,CA,1712693759
8,la'ie,21.6477,-157.9253,27.980000000000018,71,11,4.92,US,1712693777
9,uturoa,-16.7333,-151.4333,28.879999999999995,75,99,6.02,PF,1712693723
10,port-aux-francais,-49.35,70.2167,8.470000000000027,94,100,16.65,TF,1712693691
11,elizabethtown,37.694,-85.8591,16.160000000000025,96,100,4.63,US,1712693730
12,wailua homesteads,22.0669,-159.378,25.24000000000001,79,0,7.2,US,1712693779
13,kamiiso,41.8167,140.65,-0.7899999999999636,74,4,3.09,JP,1712693886
14,hawaiian paradise park,19.5933,-154.9731,23.910000000000025,91,100,2.57,US,1712693752
15,nemuro,43.3236,145.575,0.040000000000020464,73,9,7.82,JP,1712693656
16,grytviken,-54.2811,-36.5092,3.150000000000034,92,100,7.27,GS,1712693737
17,mammoth lakes,37.6485,-118.9721,13.400000000000034,14,0,0.0,US,1712693889
18,bethel,41.3712,-73.414,24.79000000000002,32,0,2.57,US,1712693454
19,east porterville,36.0574,-118.9757,23.560000000000002,33,0,0.0,US,1712693729
20,opuwo,-18.0607,13.84,20.680000000000007,34,100,2.6,NA,1712693891
21,ribeira grande,38.5167,-28.7,18.220000000000027,88,75,9.83,PT,1712693699
22,port isabel,26.0734,-97.2086,29.04000000000002,77,75,8.75,US,1712693892
23,invercargill,-46.4,168.35,12.79000000000002,95,100,0.89,NZ,1712693707
24,la cruz,23.9167,-106.9,24.720000000000027,39,0,5.14,MX,1712693696
25,west island,-12.1568,96.8225,26.99000000000001,74,40,6.17,CC,1712693692
26,stanley,54.868,-1.6985,7.100000000000023,80,20,6.69,GB,1712693631
27,buchanan,5.8808,-10.0467,27.060000000000002,81,100,2.41,LR,1712693893
28,blackmans bay,-43.0167,147.3167,8.180000000000007,90,61,0.45,AU,1712693720
29,saint croix,17.7397,-64.7388,28.25,78,100,8.23,VI,1712693893
30,toliara,-23.35,43.6667,24.0,85,10,1.48,MG,1712693848
31,egilsstadir,65.2653,-14.3948,-0.049999999999954525,86,75,5.66,IS,1712693767
32,bredasdorp,-34.5322,20.0403,16.74000000000001,89,72,4.07,ZA,1712693747
33,olonkinbyen,70.9221,-8.7187,-2.7399999999999523,87,44,6.28,SJ,1712693693
34,puerto ayora,-0.7393,-90.3518,29.980000000000018,72,30,3.87,EC,1712693690
35,waitangi,-43.9535,-176.5597,16.010000000000048,92,39,3.58,NZ,1712693729
36,kirensk,57.7853,108.1119,-10.019999999999982,97,69,0.89,RU,1712693844
37,san rafael del yuma,18.4299,-68.6739,27.760000000000048,62,94,6.64,DO,1712693733
38,puerto francisco de orellana,-0.4667,-76.9667,24.03000000000003,100,75,3.6,EC,1712693894
39,hermanus,-34.4187,19.2345,15.450000000000045,87,96,3.54,ZA,1712693696
40,georgetown,5.4112,100.3354,27.960000000000036,89,20,1.03,MY,1712693804
41,coquimbo,-29.9533,-71.3436,17.060000000000002,79,76,2.91,CL,1712693508
42,sinabang,2.4803,96.3801,24.730000000000018,94,100,1.32,ID,1712693707
43,margaret river,-33.95,115.0667,13.090000000000032,78,27,5.66,AU,1712693689
44,carnarvon,-24.8667,113.6333,25.510000000000048,38,0,6.43,AU,1712693759
45,keflavik,64.0049,-22.5624,2.240000000000009,64,75,1.54,IS,1712693776
46,edinburgh of the seven seas,-37.0676,-12.3116,18.640000000000043,89,100,6.74,SH,1712693718
47,vredendal,-31.6683,18.5012,16.75,84,8,3.24,ZA,1712693728
48,santa vitoria do palmar,-33.5189,-53.3681,21.939999999999998,75,100,2.95,BR,1712693814
49,hamilton,39.1834,-84.5333,20.670000000000016,80,100,5.66,US,1712693668
50,lompoc,34.6391,-120.4579,26.55000000000001,45,0,4.63,US,1712693589
51,margate,51.3813,1.3862,10.390000000000043,60,11,4.02,GB,1712693864
52,ta`u,-14.2336,-169.5144,29.010000000000048,80,99,5.0,AS,1712693755
53,port mathurin,-19.6833,63.4167,26.930000000000007,74,1,3.26,MU,1712693734
54,tiksi,71.6872,128.8694,-17.669999999999987,100,100,2.61,RU,1712693715
55,kodiak,57.79,-152.4072,-3.269999999999982,54,75,2.57,US,1712693698
56,al khawr,25.7667,51.3167,28.33000000000004,37,100,3.75,QA,1712693649
57,badger,64.8,-147.5333,1.1100000000000136,67,97,1.22,US,1712693766
58,macapa,0.0389,-51.0664,27.99000000000001,83,75,2.06,BR,1712693867
59,kuta,-8.7233,115.1723,26.970000000000027,94,40,0.51,ID,1712693706
60,lebu,-37.6167,-73.65,11.760000000000048,67,83,10.44,CL,1712693738
61,tuburan,6.6439,122.2736,26.730000000000018,76,100,1.42,PH,1712693898
62,hadibu,12.65,54.0333,26.870000000000005,77,21,4.13,YE,1712693738
63,santana,-0.0583,-51.1817,28.100000000000023,83,75,2.06,BR,1712693899
64,moab,38.5733,-109.5498,17.010000000000048,13,7,0.45,US,1712693641
65,minas de marcona,-15.2119,-75.1103,22.04000000000002,62,38,7.82,PE,1712693583
66,mariental,-24.6333,17.9667,18.960000000000036,30,0,4.65,NA,1712693901
67,kadnikov,59.5022,40.338,11.010000000000048,85,100,1.78,RU,1712693901
68,vorgashor,67.5833,63.95,-26.779999999999973,100,55,1.26,RU,1712693806
69,chibougamau,49.9168,-74.3659,10.79000000000002,28,0,5.66,CA,1712693817
70,qui nhon,13.7667,109.2333,25.640000000000043,80,100,2.54,VN,1712693902
71,iqaluit,63.7506,-68.5145,-2.0,67,100,2.7,CA,1712693695
72,avsallar,36.616,31.7806,15.910000000000025,66,70,1.0,TR,1712693902
73,minab,27.1467,57.0801,26.600000000000023,58,100,1.8,IR,1712693902
74,vorkuta,67.5,64.0,-26.609999999999985,100,55,0.45,RU,1712693903
75,haiku-pauwela,20.9219,-156.3051,25.700000000000045,69,20,8.23,US,1712693812
76,narvik,68.4384,17.4272,6.670000000000016,79,74,4.49,NO,1712693903
77,fukuecho,32.6881,128.8419,12.900000000000034,70,40,9.78,JP,1712693903
78,papatowai,-46.5619,169.4708,13.629999999999995,90,100,2.0,NZ,1712693693
79,broome,42.2506,-75.833,24.450000000000045,33,0,4.02,US,1712693904
80,beyneu,45.3167,55.2,15.840000000000032,37,0,1.9,KZ,1712693834
81,puerto natales,-51.7236,-72.4875,9.25,53,40,10.8,CL,1712693460
82,port alfred,-33.5906,26.891,19.220000000000027,84,99,12.44,ZA,1712693780
83,albany,42.6001,-73.9662,23.629999999999995,27,47,0.89,US,1712693577
84,kailua-kona,19.6406,-155.9956,26.390000000000043,76,0,5.14,US,1712693590
85,agudos,-22.4692,-48.9875,29.140000000000043,65,0,2.06,BR,1712693905
86,happy valley-goose bay,53.3168,-60.3315,-0.3299999999999841,49,100,4.41,CA,1712693727
87,emerald,-23.5333,148.1667,15.189999999999998,65,4,3.75,AU,1712693804
88,chonchi,-42.6128,-73.8092,12.840000000000032,64,93,3.07,CL,1712693692
89,enewetak,11.3474,162.3373,27.30000000000001,81,100,9.22,MH,1712693753
90,yeppoon,-23.1333,150.7333,16.879999999999995,60,0,5.0,AU,1712693795
91,laguna,38.421,-121.4238,23.390000000000043,45,0,1.54,US,1712693714
92,ust'-ilimsk,58.0006,102.6619,-4.759999999999991,92,100,2.24,RU,1712693781
93,kirchberg in tirol,47.3907,12.3072,8.080000000000041,85,99,0.89,AT,1712693907
94,peace river,56.2501,-117.286,10.230000000000018,30,36,9.83,CA,1712693582
95,dudinka,69.4058,86.1778,-21.68999999999997,95,100,6.04,RU,1712693718
96,ushuaia,-54.8,-68.3,4.810000000000002,70,75,11.32,AR,1712693496
97,gamay,12.3854,125.2979,24.05000000000001,94,75,2.12,PH,1712693908
98,dauphin,51.1494,-100.0502,14.080000000000041,33,0,3.6,CA,1712693908
99,la seu d'urgell,42.3588,1.4614,5.080000000000041,76,5,3.12,ES,1712693908
100,colonia,50.9333,6.95,11.090000000000032,73,75,5.14,DE,1712693908
101,salinas,36.6777,-121.6555,26.120000000000005,57,0,5.14,US,1712693747
102,saipan,15.1355,145.701,27.390000000000043,83,40,8.75,MP,1712693702
103,gwanda,-20.9333,29.0,22.05000000000001,74,100,2.63,ZW,1712693909
104,port elizabeth,-33.918,25.5701,18.390000000000043,95,14,3.58,ZA,1712693715
105,bilibino,68.0546,166.4372,-10.5,94,100,0.71,RU,1712693769
106,okondja,-0.6549,13.6753,25.480000000000018,80,85,0.53,GA,1712693909
107,port saint john's,-31.6229,29.5448,20.05000000000001,75,100,9.88,ZA,1712693724
108,fisterra,42.9049,-9.2629,12.640000000000043,65,100,2.7,ES,1712693909
109,alta,69.9689,23.2717,1.5900000000000318,85,75,4.47,NO,1712693910
110,ilulissat,69.2167,-51.1,-6.989999999999952,73,40,2.06,GL,1712693615
111,tura,25.5198,90.2201,23.720000000000027,35,50,1.78,IN,1712693695
112,ardakan,32.31,54.0175,22.470000000000027,22,7,1.24,IR,1712693910
113,inari,68.906,27.0288,2.1100000000000136,100,100,0.87,FI,1712693910
114,astoria,46.1879,-123.8313,12.939999999999998,72,75,5.81,US,1712693910
115,arraial do cabo,-22.9661,-42.0278,27.980000000000018,74,75,2.57,BR,1712693843
116,beloyarskiy,63.7119,66.6722,-16.66999999999996,97,72,0.89,RU,1712693911
117,namtsy,62.7161,129.6658,-18.529999999999973,100,80,1.77,RU,1712693767
118,avarua,-21.2078,-159.775,26.03000000000003,89,75,3.6,CK,1712693587
119,bikenibeu village,1.3673,173.1241,26.980000000000018,94,75,5.66,KI,1712693911
120,san antonio de pale,-1.4014,5.6325,27.960000000000036,77,13,3.33,GQ,1712693764
121,richards bay,-28.783,32.0377,19.57000000000005,81,2,3.08,ZA,1712693694
122,rio grande,-32.035,-52.0986,28.060000000000002,74,59,4.6,BR,1712693743
123,thunder bay,48.4001,-89.3168,7.990000000000009,81,75,1.03,CA,1712693911
124,atafu village,-8.5421,-172.5159,30.260000000000048,74,97,7.56,TK,1712693912
125,alegrete,-29.7831,-55.7919,26.840000000000032,57,16,1.73,BR,1712693699
126,cabo san lucas,22.8909,-109.9124,25.100000000000023,49,0,4.12,MX,1712693532
127,kingston,17.997,-76.7936,30.53000000000003,70,40,11.83,JM,1712693840
128,as sulayyil,20.4607,45.5779,29.140000000000043,49,81,6.68,SA,1712693912
129,dolores,-36.3132,-57.6792,19.660000000000025,48,78,7.49,AR,1712693801
130,sao joao del rei,-21.1356,-44.2617,21.760000000000048,82,82,1.92,BR,1712693792
131,tazovsky,67.4667,78.7,-25.139999999999986,99,62,4.65,RU,1712693713
132,bamboo flat,11.7,92.7167,28.05000000000001,89,20,1.03,IN,1712693857
133,skeldon,5.8833,-57.1333,29.350000000000023,58,88,4.2,GY,1712693913
134,teknaf,20.8624,92.3058,25.590000000000032,53,0,3.96,BD,1712693741
135,puntarenas,9.9763,-84.8384,32.52000000000004,55,93,5.35,CR,1712693913
136,cadale,2.7603,46.3222,29.090000000000032,73,91,5.71,SO,1712693913
137,berezovyy,51.6667,135.7,-4.739999999999952,84,5,2.52,RU,1712693913
138,machico,32.7,-16.7667,18.170000000000016,68,20,7.2,PT,1712693914
139,fort mcmurray,56.7268,-111.381,13.230000000000018,27,20,4.55,CA,1712693306
140,banikoara,11.2985,2.4386,33.25,34,100,0.68,BJ,1712693914
141,tartu,58.3806,26.7251,10.180000000000007,81,0,2.06,EE,1712693915
142,weno,7.4515,151.8468,28.439999999999998,79,100,9.64,FM,1712693734
143,regina,50.4501,-104.6178,13.350000000000023,44,92,4.92,CA,1712693676
144,urangan,-25.3,152.9,17.890000000000043,67,0,3.13,AU,1712693805
145,talnakh,69.4865,88.3972,-24.279999999999973,100,99,3.36,RU,1712693741
146,dzagam,40.9033,45.8856,11.850000000000023,75,100,0.63,AZ,1712693917
147,kapuskasing,49.4169,-82.4331,9.050000000000011,93,100,4.63,CA,1712693917
148,nuuk,64.1835,-51.7216,-2.659999999999968,68,0,3.6,GL,1712693736
149,isafjordur,66.0755,-23.124,-1.67999999999995,90,100,3.22,IS,1712693798
150,tual,-5.6667,132.75,26.99000000000001,81,100,1.95,ID,1712693747
151,naze,28.3667,129.4833,18.120000000000005,68,94,6.78,JP,1712693717
152,kerikeri,-35.2268,173.9474,20.510000000000048,88,67,4.53,NZ,1712693919
153,rabigh,22.7986,39.0349,26.32000000000005,37,6,2.3,SA,1712693919
154,ulsteinvik,62.3432,5.8487,8.879999999999995,87,100,2.25,NO,1712693919
155,santos reyes nopala,16.1092,-97.1561,27.650000000000034,29,36,4.13,MX,1712693920
156,levuka,50.1834,-105.4011,15.850000000000023,33,40,3.09,CA,1712693920
157,abbeville,50.1,1.8333,10.980000000000018,76,20,7.98,FR,1712693780
158,taco pozo,-25.6167,-63.2833,23.310000000000002,96,100,2.28,AR,1712693920
159,arteche,12.2645,125.4048,25.310000000000002,89,95,3.17,PH,1712693921
160,trabzon,40.9167,39.8333,9.050000000000011,87,75,1.54,TR,1712693921
161,porto novo,6.4965,2.6036,29.900000000000034,80,84,3.47,BJ,1712693836
162,chumphon,10.3333,98.8333,22.950000000000045,99,99,0.38,TH,1712693921
163,mongoumba,3.6415,18.5936,26.600000000000023,61,8,0.94,CF,1712693921
164,ust-nera,64.5667,143.2,-17.21999999999997,100,83,1.6,RU,1712693809
165,iskateley,67.6803,53.1512,-8.319999999999993,85,100,2.24,RU,1712693922
166,medina,24.4686,39.6142,26.24000000000001,11,0,3.6,SA,1712693922
167,pagar alam,-4.0167,103.2667,21.03000000000003,98,100,1.14,ID,1712693922
168,ad dabbah,18.05,30.95,26.350000000000023,8,100,4.87,SD,1712693923
169,vila do maio,15.1333,-23.2167,23.439999999999998,76,0,8.54,CV,1712693923
170,al kharijah,25.4514,30.5464,20.79000000000002,25,6,4.13,EG,1712693923
171,juneau,58.3019,-134.4197,7.4500000000000455,89,75,5.14,US,1712693806
172,vila franca do campo,37.7167,-25.4333,18.27000000000004,99,100,6.08,PT,1712693923
173,ushtobe,45.2514,77.9838,9.600000000000023,69,89,6.85,KZ,1712693924
174,nieuw amsterdam,5.8833,-55.0833,31.090000000000032,62,20,4.12,SR,1712693924
175,forster,-32.1667,152.5167,14.100000000000023,84,98,10.42,AU,1712693735
176,hami,42.8,93.45,16.360000000000014,18,62,2.81,CN,1712693924
177,formosa do rio preto,-11.0483,-45.1931,30.560000000000002,59,30,1.4,BR,1712693925
178,hobyo,5.3505,48.5268,28.54000000000002,69,58,5.48,SO,1712693925
179,saudarkrokur,65.7461,-19.6394,-0.07999999999998408,86,100,0.26,IS,1712693925
180,iranshahr,27.2025,60.6848,27.189999999999998,26,0,0.0,IR,1712693926
181,euclides da cunha,-10.5075,-39.0158,27.620000000000005,59,73,3.77,BR,1712693926
182,lihue,21.9789,-159.3672,25.58000000000004,72,0,7.2,US,1712693697
183,dickinson,29.4608,-95.0513,27.05000000000001,84,100,7.2,US,1712693662
184,longyearbyen,78.2186,15.6401,-10.089999999999975,85,75,0.0,SJ,1712693695
185,sovetskiy,61.3614,63.5842,-13.949999999999989,93,45,1.34,RU,1712693637
186,taroa,8.7058,171.2275,27.310000000000002,83,92,9.0,MH,1712693722
187,fale old settlement,-9.3852,-171.2468,30.010000000000048,76,100,6.92,TK,1712693718
188,jolo,6.05,121.0167,25.30000000000001,87,100,0.9,PH,1712693927
189,valdivia,-39.8142,-73.2459,14.310000000000002,47,5,3.06,CL,1712693742
190,coahuayana de hidalgo,18.7,-103.6583,31.010000000000048,41,3,3.66,MX,1712693815
191,fort bragg,35.139,-79.006,20.910000000000025,64,75,4.63,US,1712693797
192,mount darwin,-16.7725,31.5838,20.930000000000007,79,68,1.34,ZW,1712693928
193,el nido,11.1858,119.3956,27.480000000000018,80,83,3.61,PH,1712693928
194,thompson,55.7435,-97.8558,14.090000000000032,23,75,1.54,CA,1712693736
195,acapulco de juarez,16.8634,-99.8901,28.900000000000034,70,0,6.17,MX,1712693665
196,'alaqahdari dishu,30.4374,63.313,23.58000000000004,25,0,3.77,AF,1712693928
197,vytegra,61.0064,36.4481,2.420000000000016,97,19,1.34,RU,1712693928
198,uba,-21.12,-42.9428,25.379999999999995,83,100,0.85,BR,1712693644
199,berdigestyakh,62.0989,126.6992,-19.269999999999982,100,100,0.64,RU,1712693928
200,college,64.8569,-147.8028,1.160000000000025,63,97,0.45,US,1712693705
201,tralee,52.2704,-9.7026,7.140000000000043,87,75,1.54,IE,1712693834
202,ingeniero guillermo n. juarez,-23.9,-61.85,27.420000000000016,82,98,4.27,AR,1712693827
203,antsiranana,-12.2787,49.2917,26.05000000000001,85,63,5.17,MG,1712693748
204,ulaangom,49.9811,92.0667,-3.2199999999999704,96,100,0.8,MN,1712693929
205,helong,42.5397,128.9972,0.8700000000000045,33,76,2.41,CN,1712693929
206,qaqortoq,60.7167,-46.0333,-0.20999999999997954,69,0,1.85,GL,1712693760
207,puerto baquerizo moreno,-0.9,-89.6,29.55000000000001,84,40,6.69,EC,1712693758
208,kennington,51.1674,0.8849,10.240000000000009,77,7,6.12,GB,1712693930
209,jamestown,42.097,-79.2353,23.620000000000005,43,40,5.66,US,1712693496
210,kapa'a,22.0752,-159.319,25.99000000000001,79,0,7.2,US,1712693930
211,utrik,11.2278,169.8474,26.79000000000002,85,99,9.2,MH,1712693691
212,petropavlovsk-kamchatsky,53.0452,158.6483,2.4700000000000273,82,100,7.0,RU,1712693697
213,alofi,-19.0595,-169.9187,25.939999999999998,89,40,4.63,NU,1712693703
214,acarau,-2.8856,-40.12,27.83000000000004,84,99,3.47,BR,1712693734
215,redding,40.5865,-122.3917,26.379999999999995,35,0,0.45,US,1712693736
216,mukalla,14.5425,49.1242,26.920000000000016,71,100,2.67,YE,1712693800
217,loango,-4.6719,11.8312,27.810000000000002,89,20,1.54,CG,1712693931
218,st. john's,47.5649,-52.7093,0.5400000000000205,93,100,9.77,CA,1712693785
219,katabu,-4.9333,122.5167,24.05000000000001,95,99,1.06,ID,1712693932
220,katsuren-haebaru,26.3369,127.8719,19.010000000000048,79,20,5.66,JP,1712693700
221,queenstown,-31.8976,26.8753,12.950000000000045,82,100,5.66,ZA,1712693932
222,tamala,52.541,43.2515,13.890000000000043,76,85,2.92,RU,1712693932
223,el colomo,19.05,-104.25,27.590000000000032,47,12,4.39,MX,1712693932
224,neiafu,-18.65,-173.9833,27.379999999999995,94,40,2.57,TO,1712693717
225,hargeysa,9.56,44.065,22.480000000000018,82,66,5.56,SO,1712693933
226,suva,-18.1416,178.4415,26.710000000000036,94,75,0.0,FJ,1712693934
227,el bolson,-41.9667,-71.5167,14.140000000000043,40,0,1.65,AR,1712693934
228,choibalsan,48.0667,114.5,4.650000000000034,65,69,2.94,MN,1712693812
229,al muwayh,22.4333,41.7583,26.390000000000043,32,35,4.73,SA,1712693935
230,nephi,39.7102,-111.8363,12.379999999999995,41,2,3.57,US,1712693817
231,luderitz,-26.6481,15.1594,18.810000000000002,65,0,9.29,NA,1712693769
232,huilong,31.8111,121.655,10.450000000000045,77,100,3.09,CN,1712693937
233,hafnarfjordur,64.0671,-21.9377,2.230000000000018,100,75,1.03,IS,1712693937
234,lubao,14.9167,120.55,27.840000000000032,83,96,1.67,PH,1712693937
235,hell-ville,-13.4,48.2667,29.07000000000005,74,68,2.44,MG,1712693938
236,sitka,57.0531,-135.33,7.939999999999998,61,75,2.57,US,1712693772
237,touros,-5.1989,-35.4608,28.24000000000001,79,100,3.83,BR,1712693690
238,solnechnyy,50.7214,136.6319,-0.5399999999999636,82,5,2.34,RU,1712693938
239,vilyuchinsk,52.9306,158.4028,3.2900000000000205,99,100,3.83,RU,1712693751
240,djenne,13.9061,-4.5533,34.19,31,49,3.34,ML,1712693938
241,bengkulu,-3.8004,102.2655,24.950000000000045,88,100,1.13,ID,1712693796
242,natchez,31.5604,-91.4032,24.689999999999998,73,100,3.09,US,1712693926
243,tamandare,-8.7597,-35.1047,27.220000000000027,82,94,3.72,BR,1712693939
244,velikiye luki,56.34,30.5452,15.79000000000002,91,25,1.21,RU,1712693939
245,aasiaat,68.7098,-52.8699,-8.129999999999995,84,100,2.4,GL,1712693733
246,anadyr,64.75,177.4833,-4.71999999999997,86,100,7.0,RU,1712693721
247,ipubi,-7.6519,-40.1489,28.75,54,100,3.05,BR,1712693940
248,bubaque,11.2833,-15.8333,24.370000000000005,72,22,6.36,GW,1712693715
249,hyannis,41.6529,-70.2828,17.05000000000001,56,0,5.14,US,1712693940
250,ixtepec,16.5786,-95.1022,34.360000000000014,40,42,8.35,MX,1712693941
251,half moon bay,37.4636,-122.4286,26.420000000000016,61,0,2.57,US,1712693941
252,aral,40.5156,81.2636,16.910000000000025,22,83,1.56,CN,1712693941
253,sardinata,8.0829,-72.8007,34.82000000000005,42,100,2.44,CO,1712693942
254,the pas,53.8251,-101.2541,16.010000000000048,27,0,3.6,CA,1712693943
255,orchard homes,46.8633,-114.0484,11.82000000000005,67,100,6.69,US,1712693944
256,road town,18.4167,-64.6167,28.02000000000004,65,40,6.69,VG,1712693944
257,rundu,-17.9333,19.7667,22.660000000000025,70,94,1.01,NA,1712693946
258,punta arenas,-53.15,-70.9167,8.060000000000002,53,40,8.75,CL,1712693745
259,santa cruz,-17.8,-63.1667,30.700000000000045,74,75,6.17,BO,1712693432
260,bairnsdale,-37.8333,147.6167,12.25,80,84,0.45,AU,1712693947
261,jalai nur,49.45,117.7,3.7700000000000387,45,60,3.65,CN,1712693947
262,gore,-46.1028,168.9436,15.180000000000007,96,100,1.18,NZ,1712693948
263,ambovombe,-25.1667,46.0833,23.310000000000002,94,79,0.5,MG,1712693948
264,veraval,20.9,70.3667,25.670000000000016,71,7,5.17,IN,1712693949
265,macaubas,-13.0194,-42.6986,27.140000000000043,56,100,1.13,BR,1712693949
266,mogocha,53.7333,119.7667,-5.7999999999999545,84,10,1.99,RU,1712693949
267,susuman,62.7833,148.1667,-21.67999999999998,100,99,0.89,RU,1712693728
268,guichon,-32.35,-57.2,21.860000000000014,76,99,2.23,UY,1712693950
269,pisco,-13.7,-76.2167,26.03000000000003,65,0,8.75,PE,1712693722
270,port augusta,-32.5,137.7667,11.28000000000003,71,0,3.01,AU,1712693732
271,priozersk,61.0393,30.1291,2.830000000000041,79,37,2.25,RU,1712693952
272,belen,36.4891,36.2233,9.660000000000025,100,75,1.03,TR,1712693952
273,chui,-33.6971,-53.4616,22.04000000000002,75,99,2.64,UY,1712693863
274,yuxia,34.0615,108.6291,17.340000000000032,65,100,1.67,CN,1712693953
275,camayenne,9.535,-13.6878,28.05000000000001,65,0,3.09,GN,1712693954
276,port lincoln,-34.7333,135.8667,14.379999999999995,68,100,1.61,AU,1712693611
277,talcahuano,-36.7167,-73.1167,14.79000000000002,56,100,4.55,CL,1712693715
278,patiya,22.2931,91.9762,23.29000000000002,42,3,2.33,BD,1712693956
279,praia da vitoria,38.7333,-27.0667,18.140000000000043,88,75,10.71,PT,1712693802
280,colares,38.7992,-9.4469,14.860000000000014,70,0,8.94,PT,1712693956
281,mazatlan,23.2167,-106.4167,25.980000000000018,57,20,4.12,MX,1712693685
282,prudentopolis,-25.2131,-50.9778,26.53000000000003,58,0,1.34,BR,1712693833
283,laojunmiao,39.8333,97.7333,7.28000000000003,19,0,2.52,CN,1712693958
284,gisborne,-38.6533,178.0042,15.53000000000003,83,76,2.05,NZ,1712693958
285,afaahiti,-17.75,-149.2833,29.930000000000007,83,100,4.68,PF,1712693736
286,lidkoping,58.5052,13.1577,11.340000000000032,93,100,3.94,SE,1712693958
287,tomatlan,19.9333,-105.25,31.110000000000014,35,15,5.32,MX,1712693958
288,naryn,41.4287,75.9911,3.5500000000000114,84,44,0.7,KG,1712693959
289,homer,59.6425,-151.5483,-1.0600000000000023,77,100,1.79,US,1712693959
290,sao vicente,-23.9631,-46.3919,28.100000000000023,54,5,0.89,BR,1712693715
291,villa ojo de agua,-29.5,-63.6938,18.650000000000034,90,100,2.34,AR,1712693959
292,ola,59.5833,151.2833,-9.370000000000005,82,7,3.73,RU,1712693705
293,palmares do sul,-30.2578,-50.5097,26.27000000000004,71,43,2.32,BR,1712693959
294,moberly,39.4184,-92.4382,18.57000000000005,36,0,4.02,US,1712693807
295,nova sintra,14.8667,-24.7167,23.180000000000007,77,0,10.23,CV,1712693960
296,new martinsville,39.6445,-80.8576,22.090000000000032,62,100,3.13,US,1712693960
297,ambodifotatra,-16.9833,49.85,26.650000000000034,76,44,0.93,MG,1712693960
298,mili,6.0815,171.735,28.010000000000048,82,100,9.02,MH,1712693738
299,paysandu,-32.3214,-58.0756,26.04000000000002,66,100,2.5,UY,1712693946
300,divo,5.8397,-5.36,26.680000000000007,78,100,2.22,CI,1712693775
301,conduaga,8.862,117.4893,24.620000000000005,84,100,1.14,PH,1712693961
302,sao joaquim,-28.2939,-49.9317,19.060000000000002,89,17,0.35,BR,1712693961
303,hwangju-up,38.6703,125.7761,9.170000000000016,53,92,1.69,KP,1712693962
304,urucui,-7.2294,-44.5561,31.840000000000032,58,45,1.27,BR,1712693694
305,salyan,39.5936,48.9805,12.460000000000036,80,53,2.72,AZ,1712693962
306,rongelap,11.1635,166.8941,27.010000000000048,83,100,9.33,MH,1712693962
307,floro,61.5996,5.0328,9.04000000000002,87,100,4.63,NO,1712693963
308,tateyama,34.9833,139.8667,8.939999999999998,63,100,6.04,JP,1712693963
309,el hadjira,32.6134,5.5126,25.879999999999995,26,99,6.72,DZ,1712693780
310,vadso,70.0744,29.7487,-1.509999999999991,86,40,4.12,NO,1712693739
311,papao,-17.75,-149.55,30.82000000000005,80,100,5.3,PF,1712693726
312,new norfolk,-42.7826,147.0587,8.840000000000032,83,98,1.27,AU,1712693850
313,neryungri,56.6709,124.6491,-8.779999999999973,97,100,0.48,RU,1712693964
314,preobrazheniye,42.9019,133.9064,1.1899999999999977,46,0,2.92,RU,1712693964
315,udachny,66.4167,112.4,-1.9699999999999704,78,100,8.35,RU,1712693727
316,okha,53.5739,142.9478,-8.189999999999998,91,10,4.47,RU,1712693770
317,miracema do tocantins,-9.5618,-48.3967,29.590000000000032,73,81,1.41,BR,1712693965
318,cabezon de la sal,43.3089,-4.2302,12.610000000000014,88,100,0.62,ES,1712693965
319,novodvinsk,64.4165,40.8122,0.9900000000000091,100,100,1.37,RU,1712693957
320,zhangzhou,24.5133,117.6556,19.960000000000036,89,97,0.6,CN,1712693966
321,labytnangi,66.6572,66.4183,-26.45999999999998,98,76,1.43,RU,1712693967
322,askino,56.0901,56.5783,2.680000000000007,93,96,1.97,RU,1712693967
323,shangzhi,45.2167,127.9667,-0.5099999999999909,35,31,1.09,CN,1712693968
324,bayramaly,37.6185,62.1671,13.860000000000014,27,3,3.64,TM,1712693968
325,wenling,28.3669,121.36,11.510000000000048,81,47,2.74,CN,1712693968
326,cockburn town,21.4612,-71.1419,24.200000000000045,61,29,8.43,TC,1712693683
327,mugia,43.1041,-9.2179,12.730000000000018,67,100,2.13,ES,1712693745
328,tutoia,-2.7619,-42.2744,28.27000000000004,77,58,4.2,BR,1712693970
329,kathu,7.9178,98.3332,26.900000000000034,73,99,3.25,TH,1712693970
330,nishifukuma,33.7667,130.4667,7.960000000000036,70,3,4.51,JP,1712693971
331,belyy yar,53.6039,91.3903,8.939999999999998,81,0,6.0,RU,1712693972
332,le vauclin,14.5452,-60.8388,30.03000000000003,66,75,4.63,MQ,1712693972
333,nguru,12.8791,10.4526,33.450000000000045,11,100,2.95,NG,1712693972
334,priyutnoye,46.1011,43.5072,11.670000000000016,64,2,3.72,RU,1712693972
335,marshfield,44.6689,-90.1718,13.490000000000009,58,100,5.14,US,1712693973
336,puerto aysen,-45.4,-72.7,8.689999999999998,79,92,1.43,CL,1712693860
337,arkhangel'sk,64.5401,40.5433,1.1800000000000068,100,100,1.0,RU,1712693498
338,isangel,-19.55,169.2667,26.370000000000005,89,100,2.21,VU,1712693722
339,belmonte,-15.8631,-38.8828,26.340000000000032,84,80,2.75,BR,1712693690
340,celestun,20.8667,-90.4,32.110000000000014,59,95,5.13,MX,1712693974
341,mungaoli,24.4167,78.1,28.430000000000007,36,100,5.38,IN,1712693974
342,palmer,42.1584,-72.3287,24.010000000000048,16,40,2.06,US,1712693974
343,galliano,29.4422,-90.2992,27.0,73,100,3.09,US,1712693975
344,olinda,-8.0089,-34.8553,27.850000000000023,89,75,3.6,BR,1712693975
345,reggane,26.7158,0.1714,34.18000000000001,9,38,1.27,DZ,1712693976
346,ouesso,1.6136,16.0517,23.55000000000001,89,23,0.62,CG,1712693976
347,la passe,45.5549,-0.8967,11.100000000000023,76,11,6.85,FR,1712693759
348,gadzhiyevo,69.2551,33.3362,-3.5299999999999727,88,100,1.51,RU,1712693977
349,vallenar,-28.5708,-70.7581,27.420000000000016,34,6,3.27,CL,1712693733
350,crane,31.3974,-102.3501,17.79000000000002,62,41,8.03,US,1712693977
351,khandyga,62.6667,135.6,-9.989999999999952,98,100,0.35,RU,1712693978
352,nar'yan-mar,67.6713,53.087,-8.269999999999982,85,100,2.24,RU,1712693729
353,walvis bay,-22.9575,14.5053,15.53000000000003,82,0,3.09,NA,1712693728
354,jiuquan,39.7432,98.5174,12.520000000000039,16,0,3.79,CN,1712693978
355,mbuji-mayi,-6.15,23.6,23.689999999999998,82,21,0.75,CD,1712693978
356,selibaby,15.159,-12.1829,36.650000000000034,14,0,3.53,MR,1712693978
357,palikir - national government center,6.9248,158.1611,26.470000000000027,89,100,4.63,FM,1712693978
358,mount isa,-20.7333,139.5,17.870000000000005,45,93,7.2,AU,1712693979
359,wuhai,39.6647,106.8122,10.460000000000036,32,52,2.03,CN,1712693979
360,severo-yeniseyskiy,60.3725,93.0408,0.8799999999999955,91,100,3.13,RU,1712693980
361,alo,7.4178,6.7371,30.840000000000032,48,64,1.03,NG,1712693980
362,batac city,18.0554,120.5649,27.879999999999995,74,20,4.12,PH,1712693980
363,salekhard,66.53,66.6019,-26.44999999999999,98,51,1.79,RU,1712693980
364,jayapura,-2.5333,140.7,23.660000000000025,95,100,2.08,ID,1712693981
365,suining,30.508,105.5733,15.470000000000027,94,100,3.19,CN,1712693981
366,vermillion,42.7794,-96.9292,17.090000000000032,41,56,5.76,US,1712693700
367,san patricio,28.017,-97.5169,32.400000000000034,56,62,8.53,US,1712693781
368,flagstaff,35.1981,-111.6513,16.439999999999998,21,0,6.69,US,1712693981
369,chipinge,-20.1883,32.6236,19.420000000000016,91,100,1.55,ZW,1712693982
370,tabriz,38.08,46.2919,15.700000000000045,48,75,6.17,IR,1712693982
371,hemsby,52.6971,1.6918,10.230000000000018,71,100,11.59,GB,1712693982
372,mar del plata,-38.0023,-57.5575,16.720000000000027,67,75,7.72,AR,1712693711
373,yanam,16.7333,82.2167,24.150000000000034,93,0,0.97,IN,1712693983
374,fortuna,40.5982,-124.1573,14.960000000000036,76,100,3.6,US,1712693720
375,chernyshevskiy,63.0128,112.4714,-7.5,92,85,3.72,RU,1712693983
376,lorengau,-2.0226,147.2712,25.52000000000004,94,100,5.7,PG,1712693696
377,anonang,11.0,124.0333,25.410000000000025,84,8,5.23,PH,1712693983
378,sacele,45.6174,25.6943,15.450000000000045,49,97,2.9,RO,1712693983
379,burhar,23.2167,81.5333,24.900000000000034,41,98,2.26,IN,1712693983
380,toktogul,41.8708,72.9402,10.670000000000016,82,95,0.84,KG,1712693836
381,kielce,50.8703,20.6275,17.27000000000004,29,100,2.2,PL,1712693984
382,ponta delgada,37.7333,-25.6667,18.439999999999998,94,75,6.69,PT,1712693831
383,sebastopol,44.6,33.5333,10.0,62,0,2.4,UA,1712693984
384,kulhudhuffushi,6.6221,73.07,29.650000000000034,70,28,4.22,MV,1712693984
385,yeed,4.55,43.0333,29.350000000000023,62,68,4.08,SO,1712693984
386,kununurra,-15.7667,128.7333,18.99000000000001,72,73,2.06,AU,1712693662
387,murakami,38.2333,139.4833,4.939999999999998,73,14,0.69,JP,1712693985
388,kurumkan,54.3,110.3,-1.0399999999999636,64,57,1.79,RU,1712693985
389,vernon,50.2581,-119.2691,14.020000000000039,34,86,4.92,CA,1712693593
390,mende,44.6667,3.5,0.34000000000003183,91,27,4.58,FR,1712693986
391,chinde,26.8418,88.0763,18.210000000000036,36,100,2.59,NP,1712693704
392,meoqui,28.2833,-105.4833,24.54000000000002,8,0,12.49,MX,1712693712
393,poso,-1.3959,120.7524,25.410000000000025,82,100,1.49,ID,1712693987
394,rabo de peixe,37.8,-25.5833,17.77000000000004,99,75,6.69,PT,1712693770
395,black point,-34.6187,137.8972,15.0,59,79,4.18,AU,1712693989
396,sirte,31.2089,16.5887,18.0,63,100,7.21,LY,1712693989
397,aden,12.7794,45.0367,27.77000000000004,80,14,6.42,YE,1712693990
398,quva,40.522,72.0729,12.620000000000005,58,43,0.9,UZ,1712693990
399,dawson creek,55.7666,-120.2362,8.800000000000011,27,20,10.29,CA,1712693771
400,labrador city,52.9463,-66.9114,-1.0499999999999545,40,0,2.06,CA,1712693832
401,leer,53.2316,7.461,10.53000000000003,82,100,0.45,DE,1712693991
402,lionel town,17.8101,-77.2406,30.939999999999998,60,8,7.34,JM,1712693991
403,morozovsk,48.3539,41.8261,15.07000000000005,56,0,2.87,RU,1712693991
404,prince rupert,54.3161,-130.3201,8.050000000000011,75,40,7.2,CA,1712693753
405,champerico,14.3,-91.9167,36.30000000000001,58,3,5.06,GT,1712693860
406,karratha,-20.7377,116.8463,25.79000000000002,37,100,10.51,AU,1712693991
407,namsos,64.4662,11.4957,6.9500000000000455,57,0,4.12,NO,1712693811
408,luling,29.9322,-90.3665,27.210000000000036,74,100,6.69,US,1712693992
409,kourou,5.1552,-52.6478,27.03000000000003,79,80,3.26,GF,1712693793
410,totness,5.8833,-56.3167,28.74000000000001,67,97,5.21,SR,1712693813
411,puerto el triunfo,13.2833,-88.55,31.30000000000001,59,4,4.62,SV,1712693992
412,bungo-takada-shi,33.5567,131.4451,8.970000000000027,89,0,0.98,JP,1712693992
413,juan griego,11.0817,-63.9655,30.150000000000034,58,25,6.4,VE,1712693993
414,verkhniy ufaley,56.0567,60.2306,0.7900000000000205,94,100,3.2,RU,1712693994
415,tangalle,6.024,80.7911,25.75,81,52,4.36,LK,1712693745
416,fort st. john,56.2499,-120.8529,5.939999999999998,56,75,9.26,CA,1712693811
417,palangkaraya,-2.2,113.8333,23.120000000000005,98,100,1.01,ID,1712693995
418,ceeldheer,3.8488,47.1806,28.99000000000001,71,100,6.61,SO,1712693742
419,beykonak,36.3257,30.303,18.340000000000032,59,42,2.1,TR,1712693995
420,masterton,-40.9597,175.6575,19.5,73,48,2.83,NZ,1712693995
421,constantia,44.1833,28.65,11.5,78,0,2.22,RO,1712693646
422,slawharad,53.4446,31.0014,15.400000000000034,67,7,3.03,BY,1712693996
423,christchurch,-43.5333,172.6333,21.620000000000005,59,72,6.69,NZ,1712693760
424,camacupa,-12.0167,17.4833,18.30000000000001,92,97,1.18,AO,1712693806
425,kone,-21.0595,164.8658,24.970000000000027,91,36,2.02,NC,1712693737
426,extrema,-22.8547,-46.3183,20.80000000000001,93,100,0.75,BR,1712693554
427,howard springs,-12.497,131.047,23.950000000000045,79,100,2.5,AU,1712693856
428,kavaratti,10.5669,72.642,29.49000000000001,65,19,4.24,IN,1712693997
429,sandnessjoen,66.0217,12.6316,8.060000000000002,57,0,2.57,NO,1712693997
430,hilo,19.7297,-155.09,24.03000000000003,85,100,2.57,US,1712693738
431,macomer,40.262,8.7699,9.189999999999998,80,100,4.61,IT,1712693998
432,visconde do rio branco,-21.0103,-42.8406,25.840000000000032,80,97,0.88,BR,1712693750
433,sampit,-2.5333,112.95,23.600000000000023,100,100,0.66,ID,1712693999
434,korla,41.7597,86.1469,14.07000000000005,31,37,1.31,CN,1712693797
435,thurso,58.5927,-3.5259,6.590000000000032,84,67,9.77,GB,1712693999
436,bucerias,20.75,-105.3333,23.99000000000001,73,40,5.66,MX,1712693978
437,dawesville,30.9224,-84.0091,26.870000000000005,50,75,4.02,US,1712693780
438,progreso,21.2833,-89.6667,36.09000000000003,46,94,3.5,MX,1712694000
439,tazacorte,28.629,-17.9293,19.53000000000003,82,0,8.75,ES,1712693711
440,burang,30.25,81.1667,-13.029999999999973,87,19,0.8,CN,1712694003
441,roccella ionica,38.322,16.4009,17.260000000000048,67,91,2.43,IT,1712694005
442,kristiansund,63.1115,7.732,9.03000000000003,81,75,2.06,NO,1712693784
443,fazendas de almeirim,39.1755,-8.5693,10.670000000000016,76,3,2.59,PT,1712694008
444,bejaia,36.7559,5.0843,13.600000000000023,67,40,1.54,DZ,1712694008
445,santarem,-2.4431,-54.7083,29.07000000000005,79,40,2.57,BR,1712694010
446,hithadhoo,-0.6,73.0833,28.629999999999995,78,70,3.18,MV,1712693711
447,polyarnyy,69.1989,33.4478,-3.3799999999999955,88,100,1.46,RU,1712693830
448,al jawf,29.5,38.75,20.02000000000004,30,45,7.53,SA,1712694012
449,letlhakane,-21.4167,25.5833,21.58000000000004,39,84,2.92,BW,1712694012
450,rey bouba,8.6724,14.1786,32.30000000000001,38,84,1.37,CM,1712694012
451,fuglafjordur,62.244,-6.814,5.260000000000048,77,18,5.58,FO,1712693733
452,pingliang,35.5392,106.6861,10.160000000000025,73,100,4.43,CN,1712693796
453,sittwe,20.15,92.9,26.700000000000045,50,0,4.28,MM,1712694013
454,gaalkacyo,6.7697,47.4308,26.450000000000045,67,60,7.48,SO,1712694013
455,pangody,65.85,74.4859,-27.089999999999975,100,16,3.05,RU,1712694014
456,ciudad lazaro cardenas,17.9583,-102.2,28.05000000000001,55,70,5.15,MX,1712694014
457,ulladulla,-35.35,150.4667,12.04000000000002,69,30,6.72,AU,1712694014
458,sola,-13.8833,167.55,27.180000000000007,80,64,0.89,VU,1712694015
459,linqiong,30.4159,103.4609,15.600000000000023,88,100,0.71,CN,1712693843
460,bardai,11.65,7.2333,25.99000000000001,51,100,7.63,NG,1712693796
461,cananeia,-25.0147,-47.9267,25.74000000000001,80,32,1.29,BR,1712694016
462,kargasok,59.0556,80.8572,-5.019999999999982,92,79,4.47,RU,1712694017
463,tuy hoa,13.0833,109.3,24.590000000000032,88,85,0.88,VN,1712694017
464,mhamid,29.82,-5.72,27.860000000000014,17,0,8.99,MA,1712694018
465,uvalde,29.3669,-99.767,35.78000000000003,20,0,0.0,US,1712694018
466,saint-pol-sur-ternoise,50.3811,2.3341,10.100000000000023,84,0,1.79,FR,1712694019
467,camargo,27.6667,-105.1667,26.55000000000001,5,0,13.39,MX,1712693736
468,bryne,58.7354,5.6477,8.460000000000036,91,75,5.66,NO,1712694019
469,east london,-33.0153,27.9116,19.189999999999998,91,100,9.42,ZA,1712693551
470,karagay,58.2667,54.9368,-2.1499999999999773,94,32,0.12,RU,1712694020
471,winnemucca,40.973,-117.7357,14.03000000000003,35,0,1.54,US,1712694020
472,kenai,60.5544,-151.2583,0.08000000000004093,77,100,6.69,US,1712693848
473,flying fish cove,-10.4217,105.6791,25.82000000000005,83,40,2.57,CX,1712693773
474,cape canaveral,28.4058,-80.6048,26.220000000000027,65,40,8.23,US,1712694022
475,coronel dorrego,-38.7187,-61.2873,15.580000000000041,42,5,5.39,AR,1712694022
476,okhotsk,59.3833,143.3,-7.669999999999959,79,4,7.27,RU,1712693772
477,newman,37.3138,-121.0208,22.379999999999995,46,0,0.89,US,1712693837
478,na klang,17.3072,102.1889,27.560000000000002,71,82,1.06,TH,1712694023
479,ntoum,0.3833,9.7833,27.870000000000005,89,89,0.48,GA,1712694023
480,kyren,51.6828,102.1408,4.970000000000027,83,9,0.45,RU,1712694024
481,carutapera,-1.195,-46.02,27.730000000000018,83,76,2.46,BR,1712693859
482,ugoofaaru,5.6667,73.0,29.450000000000045,73,14,4.55,MV,1712694024
483,shar'ya,58.3686,45.5144,6.660000000000025,88,98,1.79,RU,1712694025
484,aykhal,66.0,111.5,-5.699999999999989,92,100,10.03,RU,1712693761
485,nha trang,12.25,109.1833,28.0,88,49,2.45,VN,1712693763
486,nadym,65.5333,72.5167,-24.45999999999998,97,7,3.87,RU,1712693854
487,murghob,38.1702,73.9667,-8.609999999999957,58,88,3.09,TJ,1712694026
488,luganville,-15.5333,167.1667,26.379999999999995,88,11,0.74,VU,1712694027
489,kiunga,-6.1219,141.2906,22.99000000000001,99,100,0.34,PG,1712694028
490,nazca,-14.8333,-74.95,28.460000000000036,50,99,3.41,PE,1712694028
491,kirillov,59.863,38.3813,6.660000000000025,94,80,1.79,RU,1712694029
492,san luis de la loma,17.2706,-100.8939,29.870000000000005,52,88,4.17,MX,1712693861
493,kill devil hills,36.0307,-75.676,22.010000000000048,52,0,5.66,US,1712693585
494,kodinsk,58.6881,99.1844,0.2400000000000091,97,100,2.09,RU,1712693764
495,corner brook,48.9667,-57.9484,2.090000000000032,59,100,5.98,CA,1712694031
496,timaru,-44.4,171.25,15.600000000000023,83,100,2.56,NZ,1712694031
497,ambositra,-20.5167,47.25,17.340000000000032,93,6,0.54,MG,1712694031
498,tokar,18.4254,37.729,26.670000000000016,55,10,3.06,SD,1712693742
499,portland,45.5234,-122.6762,17.54000000000002,73,75,3.6,US,1712693613
500,murzuq,25.9155,13.9184,23.390000000000043,12,0,3.98,LY,1712694032
501,masjed soleyman,31.9364,49.3039,26.189999999999998,42,100,3.55,IR,1712694032
502,calvinia,-31.4707,19.776,13.710000000000036,76,0,1.67,ZA,1712694033
503,isiro,2.7739,27.616,22.30000000000001,80,97,0.57,CD,1712694033
504,fort stockton,30.894,-102.8793,18.75,49,1,2.68,US,1712693880
505,kabwe,-14.4469,28.4464,22.560000000000002,68,100,0.68,ZM,1712694034
506,hendrina,-26.1588,29.7153,10.920000000000016,62,0,4.6,ZA,1712693955
507,ghadamis,30.1337,9.5007,26.760000000000048,7,1,4.78,LY,1712694034
508,bochum,51.4833,7.2167,10.960000000000036,78,92,3.13,DE,1712694034
509,adam,22.3756,57.5233,29.32000000000005,34,8,4.78,OM,1712694034
510,ouarzazat,30.9189,-6.8934,28.160000000000025,9,40,5.66,MA,1712694034
511,valparaiso,-33.0393,-71.6273,24.52000000000004,76,40,4.12,CL,1712693932
512,qrendi,35.8347,14.4583,16.810000000000002,88,20,3.6,MT,1712694034
513,remire-montjoly,4.9167,-52.2667,27.02000000000004,94,75,1.03,GF,1712694034
514,mersa matruh,31.3525,27.2453,17.650000000000034,72,0,5.06,EG,1712694034
515,san julian,21.0167,-102.1667,28.060000000000002,10,49,10.59,MX,1712694034
516,nueva gerona,21.8833,-82.8,27.939999999999998,63,16,8.03,CU,1712694034
517,columbus,39.9612,-82.9988,19.99000000000001,76,100,9.26,US,1712693541
518,khorinsk,52.1657,109.7726,-3.1200000000000045,66,7,1.59,RU,1712694034
519,murygino,58.7383,49.4582,4.640000000000043,99,99,1.37,RU,1712694034
520,tidjikja,18.5564,-11.4271,29.670000000000016,11,0,4.83,MR,1712694034
521,botshabelo,-29.2702,26.7052,11.650000000000034,66,97,4.92,ZA,1712694034
522,tselinnoye,53.0833,85.6667,6.350000000000023,91,100,6.83,RU,1712694035
523,nabire,-3.3667,135.4833,23.99000000000001,94,93,1.53,ID,1712694035
524,mount pearl,47.5166,-52.7813,0.08000000000004093,92,100,9.77,CA,1712694035
525,mount gambier,-37.8333,140.7667,12.610000000000014,86,100,2.09,AU,1712694035
526,gwadar,25.1216,62.3254,25.77000000000004,80,67,3.6,PK,1712693763
527,castrocaro terme e terra del sole,44.1824,11.9556,20.08000000000004,82,0,1.03,IT,1712694035
528,taikang,46.8333,124.4167,2.8600000000000136,31,100,5.13,CN,1712694035
529,cypress gardens,27.9939,-81.6901,27.950000000000045,50,20,6.69,US,1712694035
530,santa elena de uairen,4.6167,-61.1333,34.160000000000025,22,99,4.01,VE,1712694035
531,zhoushan,30.0108,122.2047,11.550000000000011,85,100,1.97,CN,1712694035
532,posto fiscal rolim de moura,-13.0833,-62.2667,29.710000000000036,77,82,1.58,BR,1712694035
533,kursk,51.7303,36.1939,17.33000000000004,55,40,3.0,RU,1712693924
534,kolonia,50.9333,6.95,11.080000000000041,75,75,5.14,DE,1712693822
535,motueka,-41.1333,173.0167,18.390000000000043,92,75,1.19,NZ,1712694035
536,beira,-19.8436,34.8389,26.05000000000001,94,0,2.57,MZ,1712694035
537,rocky mountain house,52.3668,-114.9188,8.060000000000002,42,91,2.57,CA,1712694029
538,xai-xai,-25.0519,33.6442,22.680000000000007,86,27,4.42,MZ,1712694035
539,tsiombe,-25.3,45.4833,23.379999999999995,97,100,1.17,MG,1712694036
540,maralal,1.0968,36.698,16.430000000000007,84,58,0.68,KE,1712693836
541,taguatinga,-12.3857,-46.5711,28.910000000000025,68,83,0.71,BR,1712694036
542,barclayville,4.6797,-8.2339,27.32000000000005,84,100,2.27,LR,1712694036
543,tingo maria,-9.2895,-76.0088,32.170000000000016,51,40,1.03,PE,1712694036
544,canela,-29.3656,-50.8156,24.79000000000002,85,54,0.45,BR,1712693780
545,zaragoza,41.6561,-0.8773,12.79000000000002,50,0,5.66,ES,1712694036
546,sungai penuh,-2.0833,101.3833,18.850000000000023,97,100,1.72,ID,1712693760
547,sandwip,22.4678,91.4561,28.28000000000003,60,0,5.57,BD,1712694036
548,la ronge,55.1001,-105.2842,14.120000000000005,40,75,2.57,CA,1712694036
549,talakan,50.3167,130.3667,-0.7999999999999545,62,90,1.64,RU,1712694036
550,vylkove,45.4021,29.586,12.590000000000032,63,5,1.74,UA,1712694036
551,popondetta,-8.7537,148.2534,24.03000000000003,98,100,0.83,PG,1712694036
552,piti village,13.4626,144.6933,27.03000000000003,89,75,4.63,GU,1712693864
553,rabaul,-4.1967,152.1721,27.27000000000004,82,100,1.44,PG,1712694036
554,andergrove,-21.0833,149.1833,18.140000000000043,69,69,5.67,AU,1712694036
555,taroudant,30.4703,-8.877,21.75,44,1,0.78,MA,1712694036
556,bushehr,28.9684,50.8385,26.05000000000001,65,0,3.09,IR,1712693898
557,outjo,-20.1167,16.15,17.24000000000001,22,87,2.39,NA,1712694037
558,usinsk,65.9939,57.5281,-12.739999999999952,86,100,3.58,RU,1712693842
559,huangshan,29.7114,118.3125,14.680000000000007,77,100,1.24,CN,1712694037
560,sequeira,40.5536,-7.2259,7.4500000000000455,62,23,1.77,PT,1712694037
561,wotho,10.1657,166.0102,27.24000000000001,84,100,9.65,MH,1712694037
562,namibe,-15.1961,12.1522,22.03000000000003,74,10,4.17,AO,1712693778
563,al qusayr,34.5091,36.5798,13.330000000000041,82,100,0.37,SY,1712693857
564,al marsa,36.8782,10.3247,17.939999999999998,72,20,5.66,TN,1712694037
565,leava,-14.3,-178.1667,29.090000000000032,79,55,6.04,WF,1712694037
566,san carlos,9.6612,-68.5827,39.360000000000014,19,56,2.75,VE,1712694037
567,klyuchi,52.2667,79.1667,5.930000000000007,91,100,5.07,RU,1712694037
568,krutinka,56.0055,71.5113,0.8700000000000045,98,100,1.79,RU,1712694037
569,sur,22.5667,59.5289,28.760000000000048,55,37,3.24,OM,1712694037
570,saldanha,-33.0117,17.9442,14.840000000000032,94,7,7.22,ZA,1712694037
571,chernyshevsk,52.5243,117.0174,-2.589999999999975,62,0,2.03,RU,1712694037
